time,open,high,low,close
991143000,57.25,57.949995,57.175005,57.785005
991661400,58.050005,59,57.655,58.195
992266200,58.050005,58.050005,55.175005,55.665
992871000,55.815,56.725,55.235,56.14
993475800,56.1,56.81,55.03,56.5
994080600,56.300005,56.97,54.5,54.5
994685400,54.714995,55.870005,53.629995,55.745005
995290200,55.775,56.120005,54.870005,55.485
995895000,55.625,55.695,53.4,55.24
996499800,55.4,56.199995,54.955,55.64
997104600,55.6,55.6,53.574995,54.480005
997709400,54.620005,54.949995,53.17,53.324995
998314200,53.375,54.345,52.86,54.345
998919000,54.199995,54.35,51.705,52.175005
999610200,52.17,53.035005,49.75,49.75
1000128600,49.65,50.300005,49.375,50.125
1000733400,47.125,48.550005,43.4,44.275
1001338200,45.5,47.475,45.129995,47.475
1001943000,47.1,49.49,46.655,48.65
1002547800,48.225,50.129995,47.955,49.665
1003152600,49.4,50.504995,48.25,48.879995
1003757400,48.85,50.574995,48.695,50.370005
1004365800,50.199995,50.199995,48.065,49.550005
1004970600,50.4,51.745005,50,51.04
1005575400,50.49,52.425005,50.03,51.985
1006180200,52.25,52.61,51.629995,52.455
1006785000,52.665,53.175005,51.519995,52.14
1007389800,51.835,53.949995,51.57,53.535005
1007994600,53.199995,53.305,51.4,51.815
1008599400,51.85,53.14,51.815,52.78
1009204200,52.699995,53.629995,52.574995,53.425005
1009809000,53.475,54.205,52.305,54.050005
1010413800,54.375,54.375,52.865,52.879995
1011018600,52.85,52.955,51.875,52.004995
1011709800,52.425005,52.550005,51.475,52.36
1012228200,52.475,52.535005,50.214995,51.93
1012833000,51.9,51.9,49.949995,50.665
1013437800,50.79,52.07,50.725,51.085
1014129000,50.985,50.985,49.725,50.315
1014647400,50.574995,52.345,50.574995,52.345
1015252200,52.5,54.339995,52.35,53.97
1015857000,54,54.345,53.4,53.96
1016461800,54.300005,54.42,52.935,53.4
1017066600,53.300005,53.53,52.449995,53.055
1017671400,53,53.235,52,52.245005
1018272600,51.824995,52.714995,51.525,51.93
1018877400,51.975,52.94,51.435,52.589995
1019482200,52.425005,52.425005,50.28,50.28
1020087000,50.475,51.5,49.949995,50.394995
1020691800,50.515,51.15,49.22,49.5
1021296600,49.725,51.894995,49.54,51.865
1021901400,51.585,51.585,50.394995,50.705
1022592600,50.915,50.915,49.515,49.975
1023111000,50,50.18,47.525,48.355005
1023715800,48.35,48.800005,46.19,47.24
1024320600,47.85,48.915,46.300005,46.504995
1024925400,46.375,47.045,44.574995,46.4
1025530200,46.5,46.5,43.58,46.195
1026135000,46.199995,46.275,42.125,43.225
1026739800,42.4,43.324995,39.69,39.85
1027344600,39.6,40.199995,36.545,40
1027949400,41.074995,42.745005,40.129995,40.475
1028554200,40.300005,42.725,39.1,42.4
1029159000,41.9,43.745005,41.074995,43.375
1029763800,43.425005,45.129995,43.425005,44.074995
1030368600,44.15,44.6,42.28,42.855005
1031059800,42.15,42.275,40.975,42.1
1031578200,41.75,43.245005,41.25,41.800005
1032183000,41.79,42.449995,39.550005,39.769995
1032787800,39.5,40.315,38.504995,39.004995
1033392600,38.355005,39.949995,37.199995,37.660005
1033997400,37.65,39.35,36,39.115
1034602200,38.725,41.32,38.699995,41.185
1035207000,40.925005,42.01,40.725,41.92
1035815400,42.300005,42.300005,40.485,42.1
1036420200,42.725,43.199995,41.620005,41.699995
1037025000,41.550005,42.605005,40.795,42.5
1037629800,42.9,43.800005,41.745005,43.550005
1038234600,43.550005,44.125,42.714995,43.725
1038839400,44.54,44.699995,42.055,42.76
1039444200,42.4,42.699995,41.75,41.75
1040049000,42.050005,42.769995,41.379995,42.035005
1040653800,41.96,42.300005,41,41
1041258600,41.25,42.64,40.725,42.475
1041863400,42.800005,43.525,42.435,43.32
1042468200,43.725,43.725,42.08,42.300005
1043159400,42.425005,42.425005,40.35,40.485
1043677800,40.225,40.730005,39.425005,40.17
1044282600,40.35,40.6,38.85,38.949995
1044887400,39.025,39.550005,37.879995,39.04
1045578600,39.574995,39.975,39.144995,39.83
1046097000,39.725,39.754995,38.44,39.550005
1046701800,39.9,40.050005,38.225,38.995005
1047306600,38.589995,39.56,37.195,39.300005
1047911400,39.175005,42.03,38.905,42
1048516200,41.120005,41.275,40.300005,40.58
1049121000,39.855005,41.525,39.504995,41.144995
1049722200,42.25,42.4,40.43,40.695
1050327000,40.85,41.995005,40.785005,41.894995
1050931800,41.995005,43.144995,41.550005,42.165
1051536600,42.370005,43.745005,42.324995,43.675005
1052141400,43.800005,44.17,43.35,43.975
1052746200,43.945,44.745005,43.75,44.545
1053351000,44.4,44.4,43.08,44.11
1054042200,44,45.725,43.875,45.635
1054560600,46.074995,47.865,45.705,46.9
1055165400,46.65,47.550005,46.074995,46.89
1055770200,47.15,48.074995,47.08,47.15
1056375000,46.894995,46.894995,46.085,46.254995
1056979800,46.65,47.17,45.67,46.75
1057584600,47.25,48.050005,46.870005,47.504995
1058189400,48.07,48.36,46.61,47.25
1058794200,47.11,47.555,46.449995,47.53
1059399000,47.574995,47.915,46.75,46.754995
1060003800,46.675005,47,45.824995,46.504995
1060608600,46.595,47.379995,46.405,47.225
1061213400,47.300005,48.550005,47.300005,47.65
1061818200,47.65,48.49,47.1,48.43
1062509400,48.620005,49.480005,48.275,49.155
1063027800,49.275,49.660005,48.375,49.035005
1063632600,49.07,50,48.775,49.82
1064237400,49.449995,49.61,47.9,47.93
1064842200,47.855005,49.824995,47.42,49.46
1065447000,49.53,50.394995,49.305,49.92
1066051800,50.245005,50.769995,49.83,49.985
1066656600,50.07,50.42,48.975,49.394995
1067265000,49.625,50.824995,49.53,50.64
1067869800,50.894995,51.39,50.480005,50.875
1068474600,50.995005,51.485,50.370005,50.82
1069079400,50.449995,51,49.875,50.01
1069684200,50.475,51.449995,50.449995,51.4
1070289000,51.65,52.125,51.300005,51.365
1070893800,51.394995,51.96,50.839995,51.949995
1071498600,52.42,52.61,51.449995,52.425005
1072103400,52.18,52.824995,52.18,52.65
1072708200,52.975,53.78,52.875,53.265
1073313000,53.695,54.5,53.56,54.050005
1073917800,54.22,55.01,53.79,54.96
1074609000,55.175005,55.71,54.824995,55.195
1075127400,55.265,55.845,54.144995,54.620005
1075732200,54.699995,55.129995,54.129995,55.115
1076337000,55.15,55.99,55,55.42
1077028200,55.800005,56.045,54.925005,55.275
1077546600,55.365,55.644995,54.68,55.385
1078151400,55.445,56.394995,55.355005,56.175005
1078756200,56.175005,56.31,53.61,54.445
1079361000,54.160005,54.595,53.425005,53.800005
1079965800,53.449995,54.125,52.625,53.879995
1080570600,54.01,55.585,53.949995,55.42
1081171800,55.480005,55.83,55.01,55.324995
1081776600,55.525,55.699995,54.195,54.86
1082381400,54.78,55.365,54.004995,55.26
1082986200,55.324995,55.5,53.199995,53.425005
1083591000,53.824995,54.44,52.9,52.99
1084195800,52.375,53.1,51.824995,52.730005
1084800600,52.1,53.300005,51.9,52.695
1085405400,53.050005,54.32,52.675005,54.199995
1086096600,54.15,54.58,53.875,54.29
1086615000,54.6,55.199995,54.54,54.805
1087219800,54.65,54.995005,54.15,54.725
1087824600,54.824995,55.39,54.324995,55.135
1088429400,55.15,55.26,54.315,54.435
1089120600,54.35,54.375,53.525,53.714995
1089639000,53.699995,53.985,53.125,53.175005
1090243800,53.275,53.870005,52.18,52.25
1090848600,52.35,53.15,51.81,53.15
1091453400,52.75,53.285005,51.050005,51.125
1092058200,51.24,51.81,50.949995,51.129995
1092663000,51.269995,53,51.25,52.94
1093267800,53.050005,53.46,52.65,53.375
1093872600,53.300005,54.074995,52.735,53.699995
1094563800,54.1,54.370005,53.75,54.32
1095082200,54.425005,54.71,54.155,54.565
1095687000,54.449995,54.785005,53.675005,53.845
1096291800,53.4,54.75,53.21,54.75
1096896600,55,55.25,54.19,54.295
1097501400,54.475,54.475,53.375,53.714995
1098106200,53.65,54.175005,53.055,53.25
1098711000,53.495005,54.9,52.995005,54.85
1099319400,54.925005,56.845,54.730005,56.58
1099924200,56.550005,57.565,56.394995,57.550005
1100529000,57.574995,57.910005,56.885,56.975
1101133800,56.975,57.925005,56.824995,57.699995
1101738600,57.949995,58.535005,57.269995,58.175005
1102343400,58.225,58.32,57.295,58
1102948200,58.4,59.085,58.1,58.6
1103553000,58.824995,59.495005,58.39,59.324995
1104157800,58.975,59.4,58.65,59.025
1104762600,59.4,59.425005,57.355005,57.51
1105367400,57.550005,58.050005,57,57.449995
1106058600,57.47,58.14,56.85,56.910005
1106577000,56.9,57.305,56.54,56.97
1107181800,57.375,58.625,57.324995,58.574995
1107786600,58.65,58.89,58.02575,58.775
1108391400,58.775,59.125,58.435,58.6
1109082600,58.35,59.1,57.714995,59.045
1109601000,59.050005,59.785005,58.47,59.695
1110205800,59.65,60.004995,58.480005,58.629995
1110810600,58.65,59.214995,57.82,58.050005
1111415400,58.074995,58.25,57.085,57.125
1112020200,57.199995,57.97,56.6,57.185
1112621400,57.15,58.025,56.885,57.5
1113226200,57.574995,57.92,55.54,55.550005
1113831000,55.550005,56.519995,55.370005,56.1
1114435800,56.4,56.725,55.315,56.165
1115040600,56.275,57.35,56.07,56.99
1115645400,57.050005,57.394995,55.8044,56.18
1116250200,56.25,58.115,56.22,58
1116855000,58.08,58.565,57.86,58.504995
1117546200,58.504995,58.995005,58.265,58.58
1118064600,58.625,59.245005,58.375,58.81
1118669400,58.79,59.915,58.665,59.754995
1119274200,59.574995,59.94,58.449995,58.525
1119879000,58.449995,59.11,58.254995,58.800005
1120570200,58.725,59.800005,58.25,59.75
1121088600,59.75,60.800005,59.75,60.46
1121693400,60.365,60.97,60.125,60.839995
1122298200,61,61.44,60.550005,61.15
1122903000,61.175005,61.550005,60.385,60.475
1123507800,60.615,61.179,60.225,60.595
1124112600,60.75,61.29,59.86,60.25
1124717400,60.405,60.58,59.449995,59.5
1125322200,59.475,60.76,59.254995,60.324995
1126013400,60.449995,61.5,60.405,61.425005
1126531800,61.410005,61.545,60.65,61.230005
1127136600,61.074995,61.199995,59.56,60.155
1127741400,60.17,61.015,59.696,60.675005
1128346200,60.800005,60.945,58.26,59.01
1128951000,59.025,59.025,57.425005,58.43
1129555800,58.275,58.94,57.540045,58.24
1130160600,58.51,59.375,58.050005,58.980005
1130769000,59.300005,60.555,59.235,60.29
1131373800,60.5,61.11,60.019995,61.074995
1131978600,61.15,61.800005,60.56,61.79
1132583400,61.839995,62.92,61.625,62.785005
1133188200,62.949995,62.95495,61.875,62.78
1133793000,62.695,63.109945,62.1,62.519995
1134397800,62.78,63.319945,62.365,62.870005
1135002600,62.870005,63,62.19,62.945
1135693800,62.754995,62.78,61.550005,61.665
1136298600,61.855005,63.635,61.43,63.61
1136817000,63.665,64.199995,63.555,63.819505
1137508200,63.585,63.915,62.6052,62.625
1138026600,62.765,64.03,62.6353,63.9
1138631400,63.949995,64.095,62.824995,63.015
1139236200,63.045,63.455,62.405,63.009005
1139841000,62.97,64.15,62.545,63.980005
1140532200,64.175005,64.42,63.7368,64.24
1141050600,64.35,64.7145,63.72515,64.199995
1141655400,64.32,64.32,63.10005,63.805
1142260200,64.089995,65.2945,63.81,65.1
1142865000,65.074995,65.074995,64.254995,64.800005
1143469800,64.725,65.305055,64.31,64.835
1144071000,64.949995,65.629995,64.58,64.65
1144675800,64.85,64.935,63.94,64.265
1145280600,64.18,65.914495,63.905,65.525
1145885400,65.464995,65.71,64.67,65.455
1146490200,65.735,66.379995,65.095045,66.199995
1147095000,66.235,66.385,64.425005,64.435
1147699800,64.205,64.67,62.535005,63.185
1148304600,62.78,63.775,61.86,63.76
1148995800,63.705,64.5,62.605005,64.275
1149514200,64.025,64.11995,61.379995,62.199995
1150119000,62.555,62.605005,60.5,62.125
1150723800,62.4,62.485,61.455,61.955
1151328600,61.949995,63.46,61.265,63.155
1151933400,63.5,63.660005,62.675005,62.800005
1152538200,63,63.22,60.775,61.14
1153143000,61.06,62.525,60.515,61.125
1153747800,61.449995,63.230005,61.405,63.085
1154352600,63.07,63.985,62.5,63.26
1154957400,63.144995,63.4,62.175005,62.485
1155562200,62.875,64.42,62.47,64.42
1156167000,64.089995,64.315,63.6,63.905
1156771800,63.725,64.985,63.725,64.905
1157463000,64.910005,65.115,63.885,64.230005
1157981400,64.14,65.5758,63.7554,65.339995
1158586200,65.269995,65.775,64.790045,65.035005
1159191000,64.94,66.0594,64.51,65.735
1159795800,65.75,66.699995,65.210295,66.519995
1160400600,66.51,67.54,66.25,67.515
1161005400,67.515,67.925005,67.045,67.585
1161610200,67.394995,68.675005,67.339995,68.1
1162218600,67.99,68.35,67.21,67.44
1162823400,67.51,68.76,67.51,68.379995
1163428200,68.435,69.6,68.2836,69.445
1164033000,69.550005,69.879995,69.35,69.655
1164637800,69.625,69.894995,68.36,69.43
1165242600,69.589995,70.56,69.581595,70.129995
1165847400,70.22,71.144995,69.815,70.845
1166452200,71.025,71.085,69.595,69.6
1167143400,69.68,70.542,69.629995,70.105005
1167834600,70.574995,70.68,69.425005,69.56
1168266600,69.76,70.964995,69.324995,70.964995
1168957800,71.074995,71.074995,70.4,70.775
1169476200,70.845,71.410005,70.18,70.475
1170081000,70.585,71.995005,70.370005,71.910005
1170685800,72,72.32,71.329805,71.6
1171290600,71.699995,72.565,71.199995,72.495005
1171981800,72.449995,72.949995,72.155,72.480005
1172500200,72.699995,72.824995,67.585,69.050005
1173105000,68.4,70.4,68.165,69.949995
1173706200,69.925005,70.285005,68.050005,69.199995
1174311000,69.699995,71.839995,69.555,71.754995
1174915800,71.550005,71.550005,70.120005,70.735
1175520600,70.99,72.120005,70.525,71.83
1176125400,72.115,72.365,71.4,72.365
1176730200,72.675005,73.82,72.675005,73.79
1177335000,73.824995,74.445,73.25,74.235
1177939800,74.375,74.99,73.22,74.839995
1178544600,74.885,75.254995,74.1,74.9
1179149400,74.99,75.54,74.43,75.495005
1179754200,75.54,76.22,74.75,75.25
1180445400,75.480005,76.785005,75.125,76.629995
1180963800,76.53,76.81,74.085,75.109595
1181568600,75.01,76.6595,74.275,76.379995
1182173400,76.475,76.655,74.88005,75.199995
1182778200,74.74,75.43,73.58,74.69
1183383000,74.75,76.295,74.75,76.26
1183987800,76.425005,77.335,74.955,77.1
1184592600,77.120005,77.355005,75.96,76.32
1185197400,76.6,76.83,71.905,71.985
1185802200,72.47,73.92,70.855005,71.19
1186407000,71.464995,74.449995,70.58,71.86
1187011800,72.845,72.845,67.870005,71.53
1187616600,71.845,73.425005,70.945,73.425005
1188221400,73.214995,73.54,71.03,73.11
1188912600,73.050005,74.370005,72.019995,72.464995
1189431000,72.655,73.945,71.449995,73.688005
1190035800,73.485,76.394995,73.050005,75.61
1190640600,75.375,76.175005,74.464995,75.6
1191245400,75.75,77.545,75.75,77.305
1191850200,77.315,78.254995,76.745005,77.54
1192455000,77.61,77.61,74.375,74.5
1193059800,73.905,76.205,73.905,76.205
1193664600,76.545,77.089995,74.195,74.99
1194273000,74.85,75.43,72.004995,72.29
1194877800,71.93,74.14495,71.315,72.410005
1195482600,71.905,72.074995,70.19,71.300005
1196087400,71.379995,74,69.839995,73.475
1196692200,73.43,75.08,72.475,74.800005
1197297000,75.125,75.78,72.815,72.85
1197901800,72.5,73.51,71.175005,73.405
1198506600,74,74.182505,72.83,72.94
1199111400,73.074995,73.074995,69.699995,69.714995
1199716200,70.03,70.589995,67.800005,69.025
1200321000,69.379995,69.754995,64.64,65.285005
1201012200,61.835,67.595,60,65.705
1201530600,65.875,69.225,65.324995,69.199995
1202135400,69.275,69.275,65.3655,66.15
1202740200,66.06,68.129995,65.61,67.050005
1203431400,68.199995,68.199995,65.949995,67.135
1203949800,67.21,69.089995,65.914495,66.4
1204554600,66.115,66.795,63.705,64.25
1205155800,64.365,66.087,63.14,64.105005
1205760600,62.6,66.485,62.42,65.58
1206365400,66.11,67.425005,64.96,65.17
1206970200,65.1,68.43,64.950995,67.885
1207575000,68.44,68.685,66,66.144995
1208179800,66.1,69.199995,65.6734,68.894995
1208784600,68.585,69.379995,67.82,69.295
1209389400,69.425005,70.6,68.6,70.109945
1209994200,69.985,70.515,68.75,69.175005
1210599000,69.29,71.18,68.9625,71.06
1211203800,71.155,71.800005,68.5842,68.629995
1211895000,68.785005,70.4,68.625,70.085
1212413400,69.985,70.625,68.495005,68.495005
1213018200,68.754995,69,66.94,68.375
1213623000,68,68.85,66.31,66.60001
1214227800,66.94,66.94,63.826,64.22
1214832600,64.24001,64.73,62.48,63.00999
1215437400,63.27,63.82001,61.25999,62.10001
1216042200,62.94,63.50999,60.09,63.10001
1216647000,63.48,64.85001,62.64999,63.10001
1217251800,63.39,64.53,62,63.41
1217856600,63.38,65.159,62.61,65
1218461400,64.97,66.008,64.19901,65.5
1219066200,65.67,65.67,63.55,65.16
1219671000,64.77,65.48,63.53,64.62
1220362200,65.36,65.7,61.29539,62.63
1220880600,64.39,64.42,60.95,63.41
1221485400,61.2,70,57.27,63.42
1222090200,63.14,63.2,59.38,60.86
1222695000,59.88,60.05,54.63,54.82001
1223299800,53.3,53.439,41.72,44.35001
1223904600,47.05,53.5,42.95,46.60001
1224509400,47.58,49,41.39999,43.24001
1225114200,42.5,48.78999,41.63,48.16
1225722600,48.06,49.89,44.67,46.11
1226327400,47.17,47.28,40.44,43.14999
1226932200,42.57001,43.59,36.32001,39.28999
1227537000,40,44.3,39.67999,44.3
1228141800,43.09,43.45,40.2,43.21001
1228746600,44.45,45.41,42,43.72
1229351400,43.91,45.68761,42.45,44.11
1229956200,43.96001,43.97,42.36,43.32001
1230561000,43.25,46.25999,42.362,46.03
1231165800,45.89,46.86,44.14999,44.19
1231770600,44.14,44.2,40.57001,42.33
1232461800,42,42.07001,40,41.3
1232980200,41.50999,43.7,40.85001,41.14
1233585000,40.53999,43.42,40.41,43.3
1234189800,43.3,43.64999,40.36,41.27
1234881000,39.94,40.17,37.64999,38.48
1235399400,38.92,38.96001,36.66,36.81
1236004200,36.03999,36.27,33.25999,34.11
1236605400,33.67,37.96001,33.55,37.86
1237210200,38.3,40.3,37.39,38.44
1237815000,39.42999,41.45,39.24001,40.66
1238419800,39.78,42.19859,38.78999,42.10001
1239024600,41.7,42.87,40.62,42.87
1239629400,42.49001,43.87,41.74001,43.60001
1240234200,42.8,43.75999,41.34,43.45
1240839000,42.92,44.78999,42.45,44.17999
1241443800,44.57001,46.74001,44.45689,46.55
1242048600,45.99001,46.1794,44.05,44.31
1242653400,44.75,46.53999,44.21001,44.63
1243344600,44.27,46.36,44.25,46.33
1243863000,46.96001,48.13,46.61,47.47
1244467800,47.25,48.31,46.75999,47.78999
1245072600,47.28,47.28,45.5793,46.39
1245677400,46,46.35001,44.74001,46.14
1246282200,46.36,46.91,45.17999,45.32001
1246887000,44.78,45.17,43.60001,44.14
1247491800,44.32001,47.5,43.89,47.32001
1248096600,47.62,49.46001,47.36099,49.39
1248701400,49.35001,50.32001,48.89999,49.85001
1249306200,50.28,51.52,50.07001,51.12
1249911000,50.92999,51.36,50.23,50.87
1250515800,49.92,52.07001,49.47,51.92999
1251120600,52.25,52.7124,51.42999,52.2
1251725400,51.72,52.11,50.19,51.46001
1252416600,52.02,53.32001,51.72,53.08
1252935000,52.63,54.89999,52.59,54.44
1253539800,54.03,55.07001,52.71001,52.89
1254144600,53.09,54.2654,51.57001,51.86
1254749400,52.12,54.39999,51.96001,54.39999
1255354200,54.63,55.61,54.08051,55.2
1255959000,55.25,55.8485,54.36,54.64999
1256563800,54.72,55.284,52.06,52.17999
1257172200,52.47,54.14,51.8,53.95
1257777000,54.44,55.81,54.38,55.16
1258381800,55.57001,56.22,54.75,55.03999
1258986600,55.67999,56.12,54.3,55.00999
1259591400,55,56.5497,54.64,55.89999
1260196200,55.88,56.14999,54.94,55.99001
1260801000,56.37,56.60001,55.5,56.02
1261405800,56.28,57,56.28,56.98
1262010600,57.22,57.25,56.37,56.37
1262615400,56.86,58.0461,56.84,58.03999
1263220200,58.3,58.35001,57.3,57.5
1263911400,57.55,58.28999,55.31,55.41
1264429800,55.88,55.9899,54.28,54.36
1265034600,54.72,56.03,52.82001,53.98
1265639400,54.02,54.8399,53.53999,54.77
1266330600,55.24001,56.67,55.03999,56.52
1266849000,56.71001,56.72,55.28999,56.23
1267453800,56.49001,58.2267,56.47,58.21001
1268058600,58.22,59.14999,58.02,58.87
1268659800,58.81,59.92999,58.42,59.25
1269264600,58.91,60.17,58.86,59.39
1269869400,59.64999,60.2299,59.41,60.02
1270474200,60.25999,61.05,60.02,61
1271079000,61.14,62.14999,60.71001,61.06
1271683800,60.88,62.49001,60.52,62.47
1272288600,62.55,62.64999,60.62,60.89
1272893400,61.14999,61.82001,29.75999,56.62
1273498200,59.14,60.3,57.77,58.33
1274103000,58.44,59.02,53.83,55.71001
1274707800,55.39,56.7,53.19,56.09
1275399000,55.42999,56.8,54.41,54.66901
1275917400,54.78,56.02,53.25999,55.99001
1276522200,56.45,57.55,55.92999,57.34
1277127000,58.08,58.13,54.42999,55.05
1277731800,55.10001,55.33,51.4595,52.08
1278423000,52.78,54.92999,51.78999,54.89
1278941400,54.86,56.06,54.13,54.23
1279546200,54.46001,56.33,53.73,56.25999
1280151000,56.46001,57.38,55.46001,56.25
1280755800,57.16,57.62,56.49001,57.27
1281360600,57.57001,57.655,54.53999,55
1281965400,54.55,56.14,54.23,54.69
1282570200,54.96001,55.21609,52.98,54.38
1283175000,54.28,56.58,53.13,56.49001
1283866200,56.28,56.89999,55.78999,56.69
1284384600,57.28,57.89999,57.03,57.60001
1284989400,57.85001,58.86,57.47,58.52
1285594200,58.61,59.2,57.74001,58.63
1286199000,58.50999,59.7428,57.85001,59.58
1286803800,59.75999,60.67999,59.12,60.24001
1287408600,60.28999,60.89999,59.34,60.57001
1288013400,60.92999,61.3,60.06,60.72
1288618200,61.03999,63.03,60.37,62.94
1289226600,62.75,63.10001,61.39,61.67999
1289831400,61.87,62.12,60.32001,61.81
1290436200,61.52,61.92,60.69,61.5
1291041000,61.09,63.4281,60.66,63.34
1291645800,63.25999,64.25,63.151,64.21001
1292250600,64.49001,64.58,63.81,64.47501
1292855400,64.69,65.14,64.33,64.84
1293460200,64.64999,65.16,64.53999,64.92999
1294065000,65.36,65.96001,65.03999,65.53
1294669800,65.32001,66.77,65.06,66.75999
1295361000,66.74001,66.95,65.47,66.03999
1295879400,66,67.17999,65.72,65.83
1296484200,65.92,67.64999,65.82719,67.61
1297089000,67.81,68.82001,67.73,68.75
1297693800,68.75999,69.63,68.53999,69.53999
1298385000,68.78,69.132,66.8201,68.33749
1298903400,68.64999,68.995,67.37,68.46001
1299508200,68.7,68.81,66.71001,67.49001
1300109400,67.07001,67.3,64.75,66.28
1300714200,67,68.2,66.55,67.86
1301319000,68.03,69.33,67.42,69.03999
1301923800,69.14999,69.55,68.5329,68.83
1302528600,68.92,69.0905,67.41,68.41
1303133400,67.61,69.321,67.07001,69.31
1303738200,69.31,70.8,69.0172,70.7
1304343000,71.03999,71.11,68.8,69.41
1304947800,69.5,70.53,69.07001,69.37
1305552600,69.09,69.86,68.27,69.14
1306157400,68.25,69.37,67.89,69.2
1306848600,69.88,69.95,67.36,67.53
1307367000,67.36,67.5,65.73,65.89
1307971800,66.00999,67.02,65.17999,65.92
1308576600,65.72,67.46001,65.60001,65.72
1309181400,65.75,69.47,65.61,69.38
1309872600,69.35001,70.42,69.03,69.75999
1310391000,68.88,69.14,67.72,68.28
1310995800,67.97,69.78,67.14,69.71001
1311600600,69,69.63,66.22,66.85001
1312205400,67.6599,67.75999,60,61.62
1312810200,59.87,61.21001,56.42,60.7
1313415000,61.22,62.25,57.57001,57.64999
1314019800,58.96001,61.16,57.5,60.47
1314624600,61.27,63.50999,60.17999,60.37
1315315800,58.53,62.10001,58.50999,59.45
1315834200,58.67,62.96001,58.50999,62.7
1316439000,61.64,62.86,57.13,58
1317043800,58.63,61.17999,57.64999,57.72
1317648600,57.38,59.87,54.58,58.97
1318253400,60,62.67,59.99001,62.67
1318858200,62.38,63.38,60.8,63.25999
1319463000,63.44,66.35001,62.5,65.95
1320067800,65.14999,65.25,62.16,64.49001
1320676200,64.44,65.66,63,64.92
1321281000,64.69,64.97,62.16,62.46001
1321885800,61.53,61.59,59.45,59.46001
1322490600,61.09,64.87,60.77,64.00999
1323095400,64.94,65.25,63.28,64.57001
1323700200,63.95,64.3,62.05,62.62
1324305000,62.91,64.74001,61.75999,64.74001
1324996200,64.64,64.94,63.81,64.3
1325601000,65.4101,65.72,64.58,65.38
1326119400,65.53,66.50999,65.19,66.14999
1326810600,66.73,67.57001,66.1701,67.53
1327329000,67.53,68.599,67.00999,67.86
1327933800,67.22,69.5,66.95,69.48
1328538600,69.24001,69.96001,69.03,69.31
1329143400,69.82001,70.52,69.28,70.37
1329834600,70.58,70.78,69.82001,70.61
1330353000,70.14,71.19,69.97,70.60001
1330957800,70.44,71.00999,68.97,70.82001
1331559000,70.86,72.53999,70.55,72.46001
1332163800,72.41,72.99001,71.44501,72.11
1332768600,72.34,72.9373,71.4436,72.25999
1333373400,72.25999,73.06,71.5,71.77
1333978200,70.8,71.28,69.57001,70.37
1334583000,70.75,71.56,70.0415,70.82001
1335187800,70.12,72.3492,69.71001,72.17
1335792600,72,72.7899,70.23,70.28
1336397400,70.09,70.5583,68.99001,69.64
1337002200,69.00999,69.32001,66.3,66.42
1337607000,66.62,68.25999,66.46001,67.75999
1338298200,68.25999,68.69,65.57001,65.60001
1338816600,65.64,68.39999,64.94,68.09
1339421400,68.64999,68.85001,66.97009,68.77
1340026200,68.55,69.99001,67.938,68.55
1340631000,67.48,69.7,66.84,69.7
1341235800,69.87,70.49001,69.14,69.50999
1341840600,69.39999,69.8187,67.82001,69.47
1342445400,69.33,70.63,68.81,69.74001
1343050200,68.66,70.94,67.89999,70.77
1343655000,70.71001,71.129,69.03,70.96001
1344259800,71.13,71.88,71.08,71.86
1344864600,71.73,72.69,71.38,72.63
1345469400,72.53,73.11,71.5955,72.25
1346074200,72.42,72.52,71.63,72.21001
1346765400,72.14,73.96001,71.62,73.96001
1347283800,73.88,75.91,73.5,75.5
1347888600,75.37,75.42999,74.50999,75.03999
1348493400,74.33,74.78999,73.03999,73.64999
1349098200,73.99001,75.25,73.55,74.7
1349703000,74.38,74.53,72.88,73.02
1350307800,73.17,74.87,72.94,73.28999
1350912600,73.19,73.42,71.7999,72.28
1351517400,72.58,73.63,72,72.47
1352125800,72.39,73.5099,70.48,70.77
1352730600,70.99001,71.27,68.89999,69.75
1353335400,70.57001,72.38,70.53999,72.38
1353940200,72.06,73.05,71.24001,72.88
1354545000,73.27,73.28999,72.03999,73.03999
1355149800,72.99001,74.138,72.8,72.89
1355754600,73.12,74.88,72.97,73.42999
1356359400,73.2001,73.35001,71.94,71.98
1356964200,71.88,75.5199,71.82001,75.42999
1357569000,75.17999,75.8,74.7,75.77
1358173800,75.75,76.53999,75.34,76.5
1358865000,76.5,77.53,76.33,77.50999
1359383400,77.60001,78.11,77.14999,78
1359988200,77.64,78.38,77.13,78.38
1360593000,78.36,78.83,78.14,78.59
1361284200,78.71001,79.16,77.25,78.31
1361802600,78.67999,78.81,76.6701,78.42
1362407400,78.24001,80.355,78.10001,80.27
1363008600,80.19,80.99001,80.09,80.87
1363613400,80.14,80.92999,79.6935,80.28999
1364218200,80.55,81.02,79.716,80.96001
1364823000,80.95,81.06,79.14,79.96001
1365427800,80,82.28,79.73,81.74001
1366032600,81.45,81.45,78.92999,79.98
1366637400,80.13,82.03999,79.55,81.49001
1367242200,81.71001,83.38,81.38,83.03999
1367847000,83.14999,84.35001,83.10001,84.3
1368451800,84.19,86.09,83.96001,86.08
1369056600,86.00999,87.09,84.32001,85.09
1369747800,86.03,86.418,84.2,84.27
1370266200,84.45,84.99001,82.5332,84.83
1370871000,85.14999,85.16,83.03,84.10001
1371475800,84.67,85.52,81.47,82.36
1372080600,81.11,83.39999,80.1899,82.67
1372685400,83.28999,84.3,82.83,84.28
1373290200,84.71001,86.83,84.56,86.69
1373895000,86.91,87.588,86.42,87.53
1374499800,87.69,88,86.78999,87.53999
1375104600,87.42,88.62,87.022,88.57001
1375709400,88.50999,88.6884,87.28999,87.78999
1376314200,87.39,88.03999,85.73,85.88
1376919000,85.64999,86.56,85.12,86.48
1377523800,86.59,86.86,84.60001,84.77
1378215000,85.77,86.64,84.84,86.13
1378733400,86.42999,88.12,86.42,87.92
1379338200,88.92999,90.23199,88.3,89.2
1379943000,88.50999,88.75999,87.78999,88.06
1380547800,87.38,88.48,87.03999,88.14999
1381152600,87.45,88.7254,85.63,88.7
1381757400,88.12,90.98,87.98,90.95
1382362200,91,91.73,90.63,91.67
1382967000,91.65,92.4,91,91.51
1383575400,91.81,92.24,90.6,91.89
1384180200,91.79,93.44,91.3001,93.44
1384785000,93.72,93.7499,92.16,93.73
1385389800,93.96,94.34,93.5,93.86
1385994600,94.06,94.18,92.48,93.86
1386599400,94.25,94.2799,92.1807,92.46
1387204200,92.94,94.53,92.16,94.33
1387809000,94.84,95.92,94.65,95.54
1388413800,95.6,96,94.8201,95.06
1389018600,95.5,95.87,94.67,95.84
1389623400,95.75,96.29,94.388,95.71
1390314600,96.36,96.36,93.29,93.32
1390833000,93.32,93.7799,92.18,92.88
1391437800,92.84,93.61,90.39,93.55
1392042600,93.62,96.05,93.26,95.9
1392733800,96.06,96.53,95.33,96.1
1393252200,96.38,97.86,96.28,97.4
1393857000,96.57,98.85,96.01,98.38
1394458200,98.32,98.63,96.418,96.58
1395063000,97.09,98.6932,97.0178,97.75
1395667800,98.11,98.2,95.69,96.52
1396272600,97.1,98.85,96.77,96.92
1396877400,96.6,97.35,94.1,94.25
1397482200,95.02,96.97,94.03,96.73
1398087000,96.78,97.905,96.34,96.55
1398691800,96.9,98.03,95.65,97.48
1399296600,97,97.8,96.16,97.17
1399901400,97.61,98.57,96.21,97.18
1400506200,96.94,98.51,96.62,98.49
1401197400,98.83,99.68,98.78,99.58
1401715800,99.8,101.25,99.16,101.2
1402320600,101.2,101.67,100.06,100.62
1402925400,100.45,102.2,100.31,102.17
1403530200,102.19,102.25,100.76,101.73
1404135000,101.55,103,101.55,102.98
1404739800,102.8,102.81,100.87,101.74
1405344600,102.3,102.499,100.9069,102.14
1405949400,101.83,102.92,101.45,102.14
1406554200,102.18,102.48,98.96,99.49
1407159000,99.74,100.3752,98.56,99.93
1407763800,100.32,101.74,99.77,101.27
1408368600,101.86,103.3066,101.73,103.01
1408973400,103.6,103.9595,103.19,103.88
1409664600,104.04,104.44,103.21,104.11
1410183000,103.97,104.16,102.78,103.08
1410787800,103.1,104.59,102.53,103.98
1411392600,103.75,103.8,101.05,101.9
1411997400,101.02,102,98.81,101.08
1412602200,101.57,101.6144,97.65,97.66
1413207000,97.71,98.0099,93.58,97.12
1413811800,97.02,101.18,96.9341,101.15
1414416600,100.85,104.2,100.35,104.02
1415025000,104.19,104.8799,103.15,104.78
1415629800,104.88,105.56,104.69,105.17
1416234600,105,106.94,104.83,106.37
1416839400,106.65,107.069,106.48,106.6
1417444200,106.5,107.169,105.53,106.95
1418049000,106.77,107.07,103.33,103.34
1418653800,103.75,107.25,101.8,106.91
1419258600,106.66,107.63,106.28,107.36
1419863400,107.36,107.705,105.27,105.92
1420468200,105.35,106.35,102.51,105.27
1421073000,105.55,106,102.42,104.0199
1421764200,104.42,106.31,103.2,105.75
1422282600,105.75,106.22,102.82,103.1
1422887400,103.49,107.175,102.2549,106.33
1423492200,105.99,108.48,105.59,108.47
1424183400,108.37,109.3201,108.01,109.28
1424701800,109.17,109.78,108.86,109.02
1425306600,109.11,109.72,107.24,107.46
1425907800,107.6,108.05,105.98,106.87
1426512600,107.36,110.02,107.26,109.76
1427117400,109.72,110.0853,105.98,106.87
1427722200,107.59,108.67,106.385,107.39
1428327000,107.27,109.149,106.785,109.12
1428931800,109.04,109.69,107.606,108.08
1429536600,108.67,110.08,108.53,109.85
1430141400,110.19,110.28,107.4654,108.9
1430746200,109.24,109.66,107.01,109.45
1431351000,109.33,109.99,107.93,109.94
1431955800,109.81,110.68,109.75,110.3
1432647000,110.02,110.28,108.865,109.31
1433165400,109.8,110.22,108.33,108.91
1433770200,108.88,110.01,107.731,109.06
1434375000,108.28,110.76,107.87,109.94
1434979800,110.68,110.9,108.65,109.01
1435584600,108.03,108.5,106.65,107.58
1436189400,106.99,108,105.91,107.6
1436794200,108.58,110,108.38,109.96
1437399000,110.05,110.21,107.389,107.56
1438003800,107.06,109.34,106.6,108.84
1438608600,108.99,109.34,106.8863,107.43
1439213400,108.08,108.85,106.09,108.16
1439818200,107.89,108.8949,102.18,102.23
1440423000,96.4,103.32,93,102.98
1441027800,102.53,103.01,98.75,99.76
1441719000,101.59,103.4,100.63,101.86
1442237400,101.91,105.0202,101.2,101.84
1442842200,102.42,103.02,99.07,99.61
1443447000,99.06,100.37,96.37,100.36
1444051800,101.1,104.06,101.04,103.83
1444656600,103.85,104.54,102.38,104.51
1445261400,104.3,106.47,103.59,106.31
1445866200,106.26,107.28,105.26,106.53
1446474600,106.78,108.57,106.68,107.84
1447079400,107.9,107.9,103.81,103.84
1447684200,103.8,107.6,103.69,107.22
1448289000,107.23,107.76,106.314,107.63
1448893800,107.78,108.265,105.06,107.39
1449498600,107.23,107.27,103.07,103.24
1450103400,103.36,106.47,102.18,102.9
1450708200,103.19,105.6,102.37,105.23
1451313000,104.88,106.24,104.3,104.3
1451917800,102.58,103.18,97.78,97.97
1452522600,98.55,99.2,94.2214,95.46
1453213800,96.57,96.89,91.79,96.81
1453732200,96.64,98.36,95.05,98.33
1454337000,97.75,98.81,94.89,95.26
1454941800,94.2,95.27,91.58,94.36
1455633000,95.62,97.93,94.96,97.3
1456151400,98.24,99.76,95.99,99.11
1456756200,99.12,102.6,98.32,102.07
1457361000,101.65,103.24,100.4,103.19
1457962200,102.88,104.28,101.76,104.13
1458567000,103.98,104.52,102.53,103.32
1459171800,103.58,105.57,102.96,105.48
1459776600,105.49,105.5481,103.442,104.2
1460381400,104.65,106.3925,103.78,106.06
1460986200,105.74,107.635,105.61,106.8
1461591000,106.5,107.33,104.805,105.51
1462195800,105.8,106.4,104,104.98
1462800600,104.87,106.4,104.22,104.42
1463405400,104.58,105.75,103.37,104.89
1464010200,104.92,107.39,104.66,107.39
1464701400,107.57,107.99,106.8,107.69
1465219800,107.84,108.9299,107.1641,107.5
1465824600,107.15,107.68,104.7,105.8
1466429400,106.93,107.9999,103.86,104.04
1467034200,103.22,107.75,101.51,107.37
1467725400,106.94,108.99,105.88,108.84
1468243800,109.19,110.99,109,110.55
1468848600,110.65,111.36,110.4,111.32
1469453400,111.24,111.615,110.56,111.42
1470058200,111.4,111.92,109.95,111.89
1470663000,111.99,112.2599,111.42,112.04
1471267800,112.29,112.644,111.27,112.14
1471872600,112.04,112.78,111.05,111.54
1472477400,111.72,112.51,110.97,112.28
1473168600,112.46,112.75,109.65,109.655
1473687000,109.19,111.4,108.57,109.61
1474291800,110.19,111.9238,109.52,111.15
1474896600,110.64,111.71,109.99,111.33
1475501400,111.09,111.23,110.06,110.54
1476106200,111.1,111.44,108.479,109.37
1476711000,109.38,110.25,108.94,109.8
1477315800,110.39,110.6,108.47,108.82
1477920600,109.05,109.205,106.69,106.79
1478529000,108.41,112.13,108.21,111.41
1479133800,111.78,113.12,111.2899,112.77
1479738600,113.12,114.55,112.87,114.55
1480343400,114.32,114.55,113.0748,113.31
1480948200,113.9,117.15,113.77,117.15
1481553000,117.12,117.79,116.23,116.77
1482157800,116.96,117.32,115.9839,116.42
1482849000,116.57,116.9899,114.959,115.32
1483453800,116.15,117.515,115.49,117.23
1483972200,117.1,117.4,116.01,117.22
1484663400,116.86,117.23,116.24,116.91
1485181800,116.75,118.62,116.17,118.16
1485786600,117.73,118.5199,116.68,118.42
1486391400,118.26,119.7,117.69,119.54
1486996200,119.92,121.37,119.8501,121.31
1487687400,121.55,122.23,121.24,121.98
1488205800,121.92,123.727,121.61,122.75
1488810600,122.48,122.48,121.02,122.04
1489411800,122.06,123.04,121.24,122.57
1490016600,122.51,122.72,119.66,120.16
1490621400,119.18,121.7155,118.89,121.32
1491226200,121.45,122.0199,120.33,120.88
1491831000,121.04,121.51,119.55,119.55
1492435800,119.88,121.4299,119.68,120.83
1493040600,122.17,123.45,121.88,122.61
1493645400,122.93,123.33,122.1601,123.33
1494250200,123.36,123.45,122.33,122.77
1494855000,123.07,123.65,120.85,122.37
1495459800,122.67,124.268,122.6352,124.09
1496151000,123.87,125.58,123.31,125.41
1496669400,125.42,126.02,124.45,125.19
1497274200,125.06,126.02,124.625,125.25
1497879000,125.67,126.35,124.51,125.05
1498483800,125.45,125.69,123.48,124.45
1499088600,124.99,125.3,123.56,124.52
1499693400,124.5,126.495,123.83,126.23
1500298200,126.28,127.28,125.78,126.95
1500903000,126.91,127.599,126.31,126.86
1501507800,127.11,127.21,126.37,126.91
1502112600,127.06,127.72,124.8,125.04
1502717400,125.8,126.8,123.95,124.21
1503322200,124.22,125.85,123.79,125.36
1503927000,125.66,127.46,124.52,127.27
1504618200,126.92,127.1,125.69,126.49
1505136600,127.15,128.62,127.15,128.6
1505741400,128.85,129.21,127.9901,128.37
1506346200,128.24,129.56,127.69,129.52
1506951000,129.64,131.34,129.55,131.19
1507555800,131.3,131.59,130.765,131.36
1508160600,131.5,132.45,130.94,132.42
1508765400,132.63,132.68,130.69,132.64
1509370200,132.42,133.0342,131.82,132.82
1509978600,132.77,133.33,131.621,132.54
1510583400,132.11,133.1,131.21,132.64
1511188200,132.82,134.13,132.68,134.11
1511793000,134.12,136.92,133.865,136.07
1512397800,137.04,137.3847,135,136.48
1513002600,136.5,137.83,136.27,137.55
1513607400,138.26,138.72,137.19,137.52
1514298600,137.34,138.1,137.15,137.25
1514903400,137.75,140.44,137.44,140.37
1515421800,140.31,142.8469,140.07,142.75
1516113000,143.53,143.93,141.71,143.92
1516631400,143.84,146.87,143.84,146.86
1517236200,146.58,146.82,141.24,141.3
1517841000,140.21,141.3999,129.841,134.23
1518445800,135.35,141.2289,134.23,140.11
1519137000,139.56,140.96,138.38,140.86
1519655400,141.5,142.86,135.83,138.24
1520260200,137.55,143.3,137.5,143.3
1520861400,143.49,144.14,141.11,141.66
1521466200,141.16,141.4,133.0289,133.1
1522071000,135.09,137.31,133.23,135.72
1522675800,135.29,137.23,131.26,133.87
1523280600,134.72,137.75,134.16,136.58
1523885400,137.54,139.85,136.9713,137.5
1524490200,137.78,138.19,134.61,137.33
1525095000,137.69,137.99,133.66,137.13
1525699800,137.65,140.87,136.98,140.57
1526304600,140.94,141.3,139.34,140.2
1526909400,141.06,141.66,139.8616,140.6
1527600600,139.8,141.65,138.54,141.5
1528119000,141.9,144,141.73,143.91
1528723800,144,144.6552,143.23,144.15
1529328600,143.3,144.19,142.37,142.45
1529933400,141.85,141.99,138.99,140.43
1530538200,139.56,143,139.43,142.79
1531143000,143.46,144.98,143.1,144.7
1531747800,144.77,145.5,144.01,144.84
1532352600,144.79,146.74,144.47,145.22
1532957400,145.22,146.2901,144.06,146.27
1533562200,146.31,147.68,145.941,146.25
1534167000,146.4,147.3902,144.6366,147.17
1534771800,147.45,148.76,147.16,148.68
1535376600,149.32,150.77,149.1,150.07
1536067800,149.89,150.1,148.13,148.58
1536586200,149.2,150.48,148.33,150.28
1537191000,150.24,151.839,149.185,151.16
1537795800,150.87,151.29,149.23,149.65
1538400600,150.42,150.77,146.73,147.63
1539005400,147.28,148.02,138.75,141.37
1539610200,141.16,144.15,140.5,141.35
1540215000,141.73,141.9399,134.17,135.77
1540819800,137.51,141.2,133.07,139.56
1541428200,139.8,144.0648,139.19,142.17
1542033000,141.79,141.97,137.38,140.08
1542637800,139.83,139.93,134.6401,135.13
1543242600,136.48,141.51,136.18,141.35
1543847400,143.6,144,134.35,134.9
1544452200,134.81,137.51,132.4519,133.12
1545057000,132.54,133.159,123.12,123.49
1545661800,121.9,128.31,119.35,126.43
1546266600,127.38,129.37,124.57,128.9
1546871400,129.19,132.89,128.81,132.84
1547476200,131.79,136.94,131.56,136.65
1548167400,135.89,136.82,133.5959,136.47
1548685800,135.24,139.2,134.48,138.73
1549290600,138.76,140.45,137.12,138.97
1549895400,139.4,142.77,138.89,142.74
1550586600,142.41,143.836,142.25,143.77
1551105000,144.56,144.88,142.8814,144.42
1551709800,145,145.03,139.92,140.99
1552311000,141.39,145.48,141.36,145.01
1552915800,145.1,146.8401,143.5,143.56
1553520600,142.58,144.785,141.895,144.71
1554125400,145.76,147.83,145.59,147.78
1554730200,147.54,148.8,146.71,148.68
1555335000,148.75,149.22,147.51,148.27
1555939800,147.95,150.16,147.77,150.16
1556544600,150.22,150.87,148.06,150.63
1557149400,148.19,150.34,144.65,147.53
1557754200,144.7,148.03,143.25,146.24
1558359000,145.26,146.81,143.3799,144.58
1559050200,144.82,145.275,140.595,140.69
1559568600,140.69,147.45,139.62,146.79
1560173400,147.73,148.83,146.9278,147.63
1560778200,147.28,150.9427,147.14,150.7
1561383000,150.33,150.468,148.125,150.09
1561987800,151.85,152.66,150.51,152.55
1562592600,151.87,153.64,151.02,153.61
1563197400,153.83,153.83,151.5901,151.8
1563802200,152.06,154.51,151.755,154.41
1564407000,154.35,154.38,148.58,149.58
1565011800,147.18,150.02,143.87,148.92
1565616600,148.12,150.08,144.05,147.34
1566221400,149.09,149.9,144.64,145.31
1566826200,146.53,149.89,145.3088,149.04
1567517400,147.99,152.11,147.37,151.68
1568035800,152.22,154.13,150.63,153.47
1568640600,152.22,153.61,151.35,152.04
1569245400,151.71,152.81,149.44,150.3
1569850200,150.65,151.88,144.9,149.73
1570455000,149.38,151.9,146.7107,150.63
1571059800,150.52,152.6398,150.25,151.58
1571664600,152.35,153.76,151.77,153.45
1572269400,154.12,155.83,153.4211,155.83
1572877800,156.7,157.34,155.63,157.16
1573482600,156.4,158.55,156.25,158.55
1574087400,158.42,159.15,157.25,158.14
1574692200,158.76,160.74,158.6,160.02
1575297000,160.26,160.5437,156.38,160.29
1575901800,160.09,162.09,159.29,161.33
1576506600,162.36,164.3399,162.22,164.19
1577111400,164.56,164.68,163.25,164.08
1577716200,164.3,164.98,162.721,163.93
1578321000,162.92,166.3,162.83,165.46
1578925800,166,169.01,165.52,168.76
1579617000,168.4,169.32,166.325,167.09
1580135400,164.23,166.99,163.04,163.52
1580740200,164.35,169.83,164.31,168.71
1581345000,168.28,171.93,168.26,171.7
1582036200,171.27,172.5567,169.4,169.89
1582554600,164.5,165.87,145.3,150.44
1583159400,151.41,159.2995,147.12,150.59
1583760600,140,145.41,124.41,135.93
1584365400,121.06,127.99,113,115.19
1584970200,113.65,131.63,109.49,126.93
1585575000,127.78,131.61,121.77,123.38
1586179800,128.43,140.7801,127.78,139.36
1586784600,138.75,143.48,135.6322,143.14
1587389400,141,143.05,135.8669,141.63
1587994200,142.65,148.54,139.8,141.81
1588599000,140.67,147.63,139.91,147.47
1589203800,146.22,148.31,138.3668,143.83
1589808600,147.53,150.19,147.02,149.26
1590499800,152.84,155.19,150.02,153.71
1591018200,153.62,163.08,153.27,161.9
1591623000,162.9,164.2,150.83,153.97
1592227800,150.56,160.12,149.85,157.08
1592832600,156.95,159.98,151.73,152.02
1593437400,152.7,160.07,151.35,158.07
1594042200,160.5,161.03,157.28,160.95
1594647000,162.08,163.639,157.74,163.19
1595251800,163.02,166.2,161.9,162.69
1595856600,163.06,165.62,162.41,165.52
1596461400,166.47,169.95,166.1546,169.8
1597066200,170.03,171.75,168.48,170.98
1597671000,171.43,172.5,170.1877,172.22
1598275800,173.51,177.71,172.87,177.68
1598880600,177.66,181.67,169.2,173.45
1599571800,170.3,173.49,167.5,169.12
1600090200,171,174.38,167.53,169.09
1600695000,166.47,169.13,162.85,166.96
1601299800,169.32,172.25,168.23,170.39
1601904600,171.61,177.6344,171.01,177.32
1602509400,178.65,180.64,175.1601,177.55
1603114200,178.31,179.25,174.12,176.84
1603719000,175.04,175.49,165.02,166.99
1604327400,168.79,180.0804,167.16,179.26
1604932200,187.52,187.52,179.09,183.32
1605537000,185.54,185.75,182.21,183.23
1606141800,184.29,188.37,183.365,188.18
1606746600,188.06,191.51,185.54,191.51
1607351400,191.3,192.64,188.6,190.18
1607956200,191.69,194.47,189.58,193.47
1608561000,191.6,194.215,189.82,192.82
1609165800,194.59,194.95,192.82,194.64
1609770600,195.39,199.46,189.76,199.25
1610375400,197.42,200.03,195.975,197.06
1611066600,198.66,202,197.83,200.89
1611585000,201.27,202.34,192.82,193.99
1612189800,195.88,204.29,194.53,204.11
1612794600,205.19,207.51,204.45,207.49
1613485800,208.31,208.39,204.01,205.97
1614004200,204.72,206.48,198.55,200.08
1614609000,203.15,205.845,194.11,200.75
1615213800,201.44,207.828,199.57,207.4
1615815000,207.73,209.3,203.5703,205.26
1616419800,205.88,207.26,199.5,206.47
1617024600,205.59,209.3,204.24,209.28
1617629400,210.85,214.25,210.56,214.14
1618234200,214.06,217.473,213.3306,217.15
1618839000,216.73,217.865,212.92,217.21
1619443800,217.74,219.65,216.75,217.1
1620048600,218.57,218.99,213.81,218.75
1620653400,218.89,218.8999,209.21,215.54
1621258200,214.9,216.738,209.75,214.97
1621863000,216.24,218.73,215.92,218.09
1622554200,219.53,219.53,216.08,219.39
1623072600,219.55,221.02,218.66,221.02
1623677400,221.2,221.53,216.53,216.75
1624282200,217.67,222.7,217.08,222.55
1624887000,222.99,225.41,221.8601,225.27
1625578200,225.38,225.98,221.14,225.88
1626096600,225.95,226.61,222.19,222.39
1626701400,219.81,227.61,217.822,227.46
1627306200,227.25,228.75,224.98,226.69
1627911000,227.85,229.31,225.28,228.87
1628515800,228.86,230.25,228.02,230.15
1629120600,229.48,230.245,224.4,228.11
1629725400,229.07,232.935,228.78,232.73
1630330200,233.22,234.65,232.77,234.29
1631021400,234.29,234.2999,229.96,230.08
1631539800,231.51,231.7353,228.6201,229.04
1632144600,225.51,230.945,222.31,229.64
1632749400,229.16,229.87,221.02,225.12
1633354200,224.24,228.36,220.5417,226.39
1633959000,226.07,231.16,223.65,230.73
1634563800,230.07,235.31,229.45,234.36
1635168600,235.07,237.19,233.99,236.91
1635773400,237.75,243.51,236.72,242.36
1636381800,243.17,243.56,238.73,241.75
1636986600,242.44,243.33,240.52,241.48
1637591400,242.34,243.6,234.94,235.99
1638196200,238.48,239.28,229.02,231.19
1638801000,232.61,240.38,230.95,239.53
1639405800,239.5,240.4865,233.34,235.44
1640010600,232.1,241.355,230.07,240.67
1640615400,240.48,243.78,240.34,241.44
1641220200,242.42,244.058,235.32,236.11
1641825000,234.21,239.85,230.97,235.02
1642516200,232.5,232.7,220.825,220.91
1643034600,217.99,224.16,212.1,222.09
1643639400,222.09,230.4384,221.22,226.07
1644244200,226.48,231.81,222.01,222.94
1644849000,222.52,226.88,218.2102,219.37
1645540200,218.11,221.44,207,221.41
1646058600,219.25,223.09,215.85,217.96
1646663400,217.68,217.92,209.2826,211.99
1647264600,212.28,225.45,209.27,225.18
1647869400,225.44,228.25,223.065,228.09
1648474200,228.03,233.36,226.48,228.58
1649079000,228.86,230.88,222.6372,224.69
1649683800,223.17,224.5,219.74,220.67
1650288600,220.41,226.68,214.02,214.22
1650893400,213.07,215.75,206.71,206.88
1651498200,207.15,215.91,203.1073,205.95
1652103000,203,203.3816,192.12,200.9
1652707800,200.39,204.2599,190.66,195.32
1653312600,196.65,208.09,193.319,208.07
1654003800,207.17,209.2,203.46,205.84
1654522200,208.12,208.88,195.36,195.43
1655127000,190.65,192.1299,181.6701,183.71
1655818200,186.69,195.22,185.6205,195.19
1656336600,195.63,196.85,186.13,190.61
1657027800,188.36,195.6989,186.36,194.63
1657546200,193.38,193.75,185.58,192.51
1658151000,194.29,200.8,190.54,197.9
1658755800,198.34,206.78,195.28,206.25
1659360600,204.97,208.5252,203.88,207.68
1659965400,208.62,214.99,205.97,214.94
1660570200,213.84,217.2,211.225,211.79
1661175000,209.08,210.92,203.7,203.77
1661779800,202.2,203.95,195.525,196.71
1662471000,197.47,204.85,194.73,204.45
1662989400,205.53,206.99,192.82,194.63
1663594200,192.9,196.4099,181.82,184.26
1664199000,183.5,186.7,179.28,179.47
1664803800,181.52,190.69,180.23,182.4
1665408600,182.9,185.99,174.84,179.42
1666013400,182.76,188.7,182.285,187.49
1666618200,188.38,195.53,186.69,195.29
1667223000,193.99,196.439,185.13,188.94
1667831400,189.59,200.7,187.21,200.16
1668436200,199.26,202.14,195.45,198.42
1669041000,197.72,201.83,196.65,201.54
1669645800,199.93,205.47,197.04,203.99
1670250600,202.51,202.96,195.84,196.7
1670855400,197,205.628,191.42,192.69
1671460200,192.8,194.6516,187.38,191.42
1672151400,191.39,192.16,188.06,191.19
1672756200,192.38,194.64,188.93,194.04
1673274600,195.457,200.269,193.29,200.04
1673965800,200.04,201.09,194.32,198.76
1674484200,199.2,205.05,197.59,203.94
1675089000,202.28,210.88,201.09,207.84
1675693800,206.41,209.563,203.47,205.01
1676298600,205.41,208.6593,203.531,205.08
1676989800,203.15,203.5,198.16,199.48
1677508200,201.31,203.7,197.495,203.57
1678113000,203.86,204.98,192.26,193.26
1678714200,190.9,197.91,190.18,195.19
1679319000,195.75,201.405,193.65,196.93
1679923800,198.27,204.19,196.14,204.1
1680528600,203.72,205.06,201.45,203.2
1681133400,202,206.5,201.65,205.08
1681738200,205.03,206.83,203.92,205
1682343000,204.9,206.3,200.41,206.3
1682947800,206,207.18,200.2,204.69
1683552600,204.93,205.9395,202.93,204.22
1684157400,204.17,208.84,203.47,207.69
1684762200,207.68,208.81,203.69,208.36
1685453400,209.63,213.085,206.3031,212.71
1685971800,212.74,215.08,207.465,213.93
1686576600,214.5,221.42,214.05,219.26
1687267800,218.38,218.67,214.58,214.94
1687786200,214.8,220.86,214.14,220.28
1688391000,220.28,220.94,216.8319,218.04
1688995800,217.9,224.86,217.8004,223.95
1689600600,223.95,227.76,223.76,225.52
1690205400,226.05,228.965,224.83,227.66
1690810200,228.12,228.56,222.61,222.9
1691415000,223.72,224.878,220.77,221.8
1692019800,221.32,222.92,215.03,217.01
1692624600,217.41,221.14,216.05,218.59
1693229400,219.57,225.78,219.1,224.68
1693920600,224.26,224.64,220.08,221.42
1694439000,222.66,223.98,220.76,221.03
1695043800,220.91,221.685,213.4,213.64
1695648600,213.15,214.67,209.8401,212.41
1696253400,212.2,213.775,208.3299,212.96
1696858200,211.91,216.95,211.755,213.53
1697463000,214.73,217.38,208.38,208.47
1698067800,207.67,210.21,202.44,203.12
1698672600,204.53,216.2,203.76,215.41
1699281000,215.83,217.61,214.06,217.46
1699885800,216.81,223.8,216.34,223.11
1700490600,223.11,225.76,223,225.38
1701095400,225.12,228.33,224.45,228.17
1701700200,226.58,229.09,225.88,228.85
1702305000,228.69,236.58,228.51,235.31
1702909800,235.86,238.69,234.06,236.63
1703601000,236.98,238.7399,236.48,237.22
1704205800,235.65,236.51,232.4,233.12
1704724200,233.27,238.37,233.26,237.11
1705415400,236.29,239.735,233.43,239.54
1705933800,240.54,243.02,240.05,242.12
1706538600,242.34,246.01,239.856,245.18
1707143400,244.83,249.15,242.74,248.9
1707748200,249.04,250.3359,243.35,248.46
1708439400,247.55,252.92,245.13,252
1708957800,252.02,255.065,250.945,254.9
1709562600,254.78,257.71,250.91,254.43
1710163800,253.89,256.87,252.7,253.71
1710768600,255.58,261.07,254.1716,258.5
1711373400,258.1,260.58,257.28,259.9
1711978200,260.32,260.38,254.44,257.18
1712583000,257.8,258.5,252.16,253
1713187800,255,255.205,244.57,245.23
1713792600,246.59,252.5399,245.38,251.78
1714397400,252.75,254.4,247.595,253.53
1715002200,254.8,259.03,254.62,258.05
1715607000,259.08,263.28,257.56,262.3
1716211800,262.43,263.92,259.43,261.87
1716903000,262.47,262.47,256.25,260.44
1717421400,261.66,264.3,258.0772,262.95
1718026200,262.33,268.215,261.88,266.69
1718631000,266.41,270.19,266.04,268.31
1719235800,268.34,270.41,266.95,267.51
1719840600,268.49,272.26,266.73,272.12
1720445400,272.65,277.357,271.91,275.64
1721050200,276.8,279.21,270.5,271.06
1721655000,272.78,275.1395,265.945,269.69
1722259800,270.73,274.51,260.69,262.9
1722864600,251.21,263.64,251,262.92
1723469400,263.63,273.54,261.76,273.17
1724074200,273.62,277.83,273.02,277.59
1724679000,278.13,278.53,273.9195,278.38
1725370200,276.8,277,266.01,266.44
1725888600,268.39,277.6999,265.92,277.22
1726493400,277.12,283,276.25,281.46
1727098200,282.2,284.35,281.14,282.05
1727703000,281.62,283.3856,278.87,282.75
1728307800,282.04,286.39,279.54,286.11
1728912600,286.86,289.6977,285.91,288.89
1729517400,288.51,288.8,283.34,285.54
1730122200,287.06,288.1,280.96,282.23
1730730600,282.17,297.37,280.865,296.71
1731335400,297.93,298.12,289.35,290.31
1731940200,290.64,296.81,289.45,296.51
1732545000,298.67,300.38,296.9,299.86
1733149800,300.3,302.945,299.6401,302.45
1733754600,302.53,302.65,299.07,299.93
1734359400,300.57,301.75,288.11,293.28
1734964200,292.53,297.78,290.5401,294.07
1735569000,290.88,293.35,287.345,293.06
1736173800,295.2,296.895,286.22,287.3
1736778600,285,297.1175,284.63,296.2
1737469800,297.75,302.6724,296.9092,301.3
1737988200,295,302.6,294.44,298.6
1738593000,293.32,301.6597,292.7,298
1739197800,299.56,302.55,296.24,301.84
1739889000,302.37,303.3904,295.635,295.92
1740407400,296.96,297.34,287.35,292.96
1741012200,293.91,294.72,278.11,283.34
1741613400,279.43,280.28,270.2,276.99
1742218200,276.73,281.38,275.335,278.85
1742823000,282.25,285.09,273.05,273.43
1743427800,270.27,279.25,248.1808,248.47
1744032600,240,268.48,236.42,261.74
1744637400,266.43,266.73,255.445,258.75
1745242200,256.23,270.8983,249.94,270.64
1745847000,271.02,279.6,266.25,278.8
1746451800,276.65,280.8673,273.58,277.97
1747056600,286.78,292.75,284.3685,292.58
1747661400,289.46,293.125,283,285.04
1748352600,288.46,291.82,286.855,289.88
1748871000,289.34,295.88,287.58,295.12
1749475800,295.46,298.0677,292.84,293.57
1750080600,295.45,297.3699,292.72,293.43
1750685400,293.49,304.26,291.97,303.31
1751290200,303.74,308.4,302.6,308.03
1751895000,306.99,308.925,304.2153,307.02
1752499800,306.74,310.2,304,309.09
1753104600,309.94,313.93,308.23,313.69
1753709400,314.2,314.84,304.4,305.74
1754314200,307.58,313.4024,307.58,313.03
1754919000,313.33,317.94,311.82,316.47
1755523800,316.32,318.83,311.24,318.18
1756128600,317.58,320.4,316.3347,318.2
1756819800,314.52,322.055,313.3,319.55
1757338200,320.44,325.2,319.45,324.31
1757943000,325.47,328.85,322.765,328.44
1758547800,327.755,330.36,323.38,327.18
1759152600,327.69,331.735,325.88,329.97
1759757400,331.41,332.1987,321.62,321.8
1760362200,325.785,330.99,322.08,327.3